External system/run mode,Required input/state,DAPHNE/PDS guard,Owner,Failure/overtake action,Return condition
Cryogenics,LAr level valid/above approved threshold; cryogenic state stable,SC/DPS permit to bias/operate relevant PDS loads,Cryogenics + DPS,Remove permit; SC ramps/disables affected bias or optical power through the safe-state path,"Permit valid, condition stable for agreed dwell, SC acknowledgement, then fresh DAQ configuration through OPC-UA"
High voltage,"Cathode/HV state, ramping, trip/discharge, approved operating mode",VD cathode PoF/SiPM bias and calibration permissions,HV + DPS,Block transitions or force the approved SC safe state for affected cathode channels,"HV stable/approved, DPS permit restored, SC recovery complete, then fresh DAQ configuration through OPC-UA"
Rack cooling,Airflow/fan/rack-temperature and cooling availability,DAPHNE run-ready and local thermal control,Slow Controls/DPS,Alarm; remove run-ready; inhibit or shut down per reviewed thermal analysis,"Cooling restored, temperatures in range for dwell, acknowledgement/reconfigure"
PDU/UPS/power,"Supply healthy, breaker/PDU/UPS state, external LV stable",DAPHNE power and DAQ-configuration permit,Slow Controls/DPS,Block DAQ configuration or request SC safe state; hard inhibit where implemented,Stable power and permits; fresh DAQ configuration through OPC-UA
Physics run,"Run Control RUNNING with accepted configuration hash, target scope, and valid SC/DPS permits",All run-affecting AFE/timing/trigger writes,DAQ,"Reject non-DAQ writes to data-taking fields; SC monitoring, equipment control and protection continue without tuning DAQ-owned settings",Run stopped or DAQ change accepted through the approved state machine
Noise run,"RunType=Noise, versioned noise configuration, target scope and valid SC/DPS permits","Trigger target, numerical bias target and AFE configuration",DAQ,SC does not tune DAQ-owned values; retain complete monitoring and label history with run/config revision,Fresh versioned DAQ physics/calibration profile
Calibration run,"RunType=Calibration; LCM, timing, DAPHNE and external permits ready",LCM pulse and DAPHNE capture/configuration sequence,DAQ orchestrates through its OPC-UA role; SC supplies equipment readiness and permits,DPS/SC veto aborts or safe-states; synchronous DTS command performs the timed action,"Calibration completes/aborts, SC safe restoration is verified, and DAQ freshly applies the physics profile through OPC-UA"
Timing,"DTS lock, accepted endpoint FSM, timestamp valid",Timing configuration and data-taking readiness,DAQ/DTS,Block DAQ configuration/data-ready; attempt bounded firmware auto-relock without perturbing locked endpoints; SC monitors,Timing usable and fresh DAQ configuration through OPC-UA
Maintenance,SC maintenance lock and physical access/work permit,"Expert diagnostics, raw registers, firmware updates",Slow Controls + PDS expert,Block routine DAQ and SC OPC-UA methods; preserve audit and safe state,"Maintenance released, checks passed, SC/DPS permits valid, then DAQ configuration through OPC-UA"
